employee_id,employee_name,amount,pay_period
E001,Alice,1000,2024-01
E001,Alice,1000,2024-01
E002,,500,2024-02
E003,Charlie,invalid,2024-03
E004,Diana,,2024-04
E005,Evan,1200,2024-01
E006,Bob,1500,2024-02
E007,Alice,abc,2024-03
E008,Charlie,1700,2024-04
E009,Diana,1800,2024-01
E010,Evan,1900,2024-02
E011,Bob,2000,2024-03
E012,Alice,2100,2024-04
E013,Charlie,2200,2024-01
E014,Diana,2300,2024-02
E015,Evan,2400,2024-03
E016,Bob,2500,2024-04
E017,Alice,2600,2024-01
E018,Charlie,2700,2024-02
E019,Diana,2800,2024-03
E020,Evan,2900,2024-04
E021,Bob,3000,2024-01
E022,Alice,3100,2024-02
E023,Charlie,3200,2024-03
E024,Diana,3300,2024-04
E025,Evan,3400,2024-01
E026,Bob,3500,2024-02
E027,Alice,3600,2024-03
E028,Charlie,3700,2024-04
E029,Diana,3800,2024-01
E030,Evan,3900,2024-02
E031,Bob,4000,2024-03
E032,Alice,4100,2024-04
E033,Charlie,4200,2024-01
E034,Diana,4300,2024-02
E035,Evan,4400,2024-03
E036,Bob,4500,2024-04
E037,Alice,4600,2024-01
E038,Charlie,4700,2024-02
E039,Diana,4800,2024-03
E040,Evan,4900,2024-04
E041,Bob,5000,2024-01
E042,Alice,5100,2024-02
E043,Charlie,5200,2024-03
E044,Diana,5300,2024-04
E045,Evan,5400,2024-01
E046,Bob,5500,2024-02
E047,Alice,5600,2024-03
E048,Charlie,5700,2024-04
E049,Diana,5800,2024-01
E050,Evan,5900,2024-02
E051,Bob,6000,2024-03
E052,Alice,6100,2024-04
E053,Charlie,6200,2024-01
E054,Diana,6300,2024-02
E055,Evan,6400,2024-03
E056,Bob,6500,2024-04
E057,Alice,6600,2024-01
E058,Charlie,6700,2024-02
E059,Diana,6800,2024-03
E060,Evan,6900,2024-04
E061,Bob,7000,2024-01
E062,Alice,7100,2024-02
E063,Charlie,7200,2024-03
E064,Diana,7300,2024-04
E065,Evan,7400,2024-01
E066,Bob,7500,2024-02
E067,Alice,7600,2024-03
E068,Charlie,7700,2024-04
E069,Diana,7800,2024-01
E070,Evan,7900,2024-02
E071,Bob,8000,2024-03
E072,Alice,8100,2024-04
E073,Charlie,8200,2024-01
E074,Diana,8300,2024-02
E075,Evan,8400,2024-03
E076,Bob,8500,2024-04
E077,Alice,8600,2024-01
E078,Charlie,8700,2024-02
E079,Diana,8800,2024-03
E080,Evan,8900,2024-04
E081,Bob,9000,2024-01
E082,Alice,9100,2024-02
E083,Charlie,9200,2024-03
E084,Diana,9300,2024-04
E085,Evan,9400,2024-01
E086,Bob,9500,2024-02
E087,Alice,9600,2024-03
E088,Charlie,9700,2024-04
E089,Diana,9800,2024-01
E090,Evan,9900,2024-02
E091,Bob,10000,2024-03
E092,Alice,10100,2024-04
E093,Charlie,10200,2024-01
E094,Diana,10300,2024-02
E095,Evan,10400,2024-03
E096,Bob,10500,2024-04
E097,Alice,10600,2024-01
E098,Charlie,10700,2024-02
E099,Diana,10800,2024-03
E100,Evan,10900,2024-04
E101,Bob,11000,2024-01
E102,Alice,11100,2024-02
E103,Charlie,11200,2024-03
E104,Diana,11300,2024-04
E105,Evan,11400,2024-01
E106,Bob,11500,2024-02
E107,Alice,11600,2024-03
E108,Charlie,11700,2024-04
E109,Diana,11800,2024-01
E110,Evan,11900,2024-02
E111,Bob,12000,2024-03
E112,Alice,12100,2024-04
E113,Charlie,12200,2024-01
E114,Diana,12300,2024-02
E115,Evan,12400,2024-03
E116,Bob,12500,2024-04
E117,Alice,12600,2024-01
E118,Charlie,12700,2024-02
E119,Diana,12800,2024-03
E120,Evan,12900,2024-04
E121,Bob,13000,2024-01
E122,Alice,13100,2024-02
E123,Charlie,13200,2024-03
E124,Diana,13300,2024-04
E125,Evan,13400,2024-01
E126,Bob,13500,2024-02
E127,Alice,13600,2024-03
E128,Charlie,13700,2024-04
E129,Diana,13800,2024-01
E130,Evan,13900,2024-02
E131,Bob,14000,2024-03
E132,Alice,14100,2024-04
E133,Charlie,14200,2024-01
E134,Diana,14300,2024-02
E135,Evan,14400,2024-03
E136,Bob,14500,2024-04
E137,Alice,14600,2024-01
E138,Charlie,14700,2024-02
E139,Diana,14800,2024-03
E140,Evan,14900,2024-04
E141,Bob,15000,2024-01
E142,Alice,15100,2024-02
E143,Charlie,15200,2024-03
E144,Diana,15300,2024-04
E145,Evan,15400,2024-01
E146,Bob,15500,2024-02
E147,Alice,15600,2024-03
E148,Charlie,15700,2024-04
E149,Diana,15800,2024-01
E150,Evan,15900,2024-02
E151,Bob,16000,2024-03
E152,Alice,16100,2024-04
E153,Charlie,16200,2024-01
E154,Diana,16300,2024-02
E155,Evan,16400,2024-03
E156,Bob,16500,2024-04
E157,Alice,16600,2024-01
E158,Charlie,16700,2024-02
E159,Diana,16800,2024-03
E160,Evan,16900,2024-04
E161,Bob,17000,2024-01
E162,Alice,17100,2024-02
E163,Charlie,17200,2024-03
E164,Diana,17300,2024-04
E165,Evan,17400,2024-01
E166,Bob,17500,2024-02
E167,Alice,17600,2024-03
E168,Charlie,17700,2024-04
E169,Diana,17800,2024-01
E170,Evan,17900,2024-02
E171,Bob,18000,2024-03
E172,Alice,18100,2024-04
E173,Charlie,18200,2024-01
E174,Diana,18300,2024-02
E175,Evan,18400,2024-03
E176,Bob,18500,2024-04
E177,Alice,18600,2024-01
E178,Charlie,18700,2024-02
E179,Diana,18800,2024-03
E180,Evan,18900,2024-04
E181,Bob,19000,2024-01
E182,Alice,19100,2024-02
E183,Charlie,19200,2024-03
E184,Diana,19300,2024-04
E185,Evan,19400,2024-01
E186,Bob,19500,2024-02
E187,Alice,19600,2024-03
E188,Charlie,19700,2024-04
E189,Diana,19800,2024-01
E190,Evan,19900,2024-02
E191,Bob,20000,2024-03
E192,Alice,20100,2024-04
E193,Charlie,20200,2024-01
E194,Diana,20300,2024-02
E195,Evan,20400,2024-03
E196,Bob,20500,2024-04
E197,Alice,20600,2024-01
E198,Charlie,20700,2024-02
E199,Diana,20800,2024-03
E200,Evan,20900,2024-04
E201,Bob,21000,2024-01
E202,Alice,21100,2024-02
E203,Charlie,21200,2024-03
E204,Diana,21300,2024-04
E205,Evan,21400,2024-01
E206,Bob,21500,2024-02
E207,Alice,21600,2024-03
E208,Charlie,21700,2024-04
E209,Diana,21800,2024-01
E210,Evan,21900,2024-02
E211,Bob,22000,2024-03
E212,Alice,22100,2024-04
E213,Charlie,22200,2024-01
E214,Diana,22300,2024-02
E215,Evan,22400,2024-03
E216,Bob,22500,2024-04
E217,Alice,22600,2024-01
E218,Charlie,22700,2024-02
E219,Diana,22800,2024-03
E220,Evan,22900,2024-04
E221,Bob,23000,2024-01
E222,Alice,23100,2024-02
E223,Charlie,23200,2024-03
E224,Diana,23300,2024-04
E225,Evan,23400,2024-01
E226,Bob,23500,2024-02
E227,Alice,23600,2024-03
E228,Charlie,23700,2024-04
E229,Diana,23800,2024-01
E230,Evan,23900,2024-02
E231,Bob,24000,2024-03
E232,Alice,24100,2024-04
E233,Charlie,24200,2024-01
E234,Diana,24300,2024-02
E235,Evan,24400,2024-03
E236,Bob,24500,2024-04
E237,Alice,24600,2024-01
E238,Charlie,24700,2024-02
E239,Diana,24800,2024-03
E240,Evan,24900,2024-04
E241,Bob,25000,2024-01
E242,Alice,25100,2024-02
E243,Charlie,25200,2024-03
E244,Diana,25300,2024-04
E245,Evan,25400,2024-01
E246,Bob,25500,2024-02
E247,Alice,25600,2024-03
E248,Charlie,25700,2024-04
E249,Diana,25800,2024-01
E250,Evan,25900,2024-02
E251,Bob,26000,2024-03
E252,Alice,26100,2024-04
E253,Charlie,26200,2024-01
E254,Diana,26300,2024-02
E255,Evan,26400,2024-03
E256,Bob,26500,2024-04
E257,Alice,26600,2024-01
E258,Charlie,26700,2024-02
E259,Diana,26800,2024-03
E260,Evan,26900,2024-04
E261,Bob,27000,2024-01
E262,Alice,27100,2024-02
E263,Charlie,27200,2024-03
E264,Diana,27300,2024-04
E265,Evan,27400,2024-01
E266,Bob,27500,2024-02
E267,Alice,27600,2024-03
E268,Charlie,27700,2024-04
E269,Diana,27800,2024-01
E270,Evan,27900,2024-02
E271,Bob,28000,2024-03
E272,Alice,28100,2024-04
E273,Charlie,28200,2024-01
E274,Diana,28300,2024-02
E275,Evan,28400,2024-03
E276,Bob,28500,2024-04
E277,Alice,28600,2024-01
E278,Charlie,28700,2024-02
E279,Diana,28800,2024-03
E280,Evan,28900,2024-04
E281,Bob,29000,2024-01
E282,Alice,29100,2024-02
E283,Charlie,29200,2024-03
E284,Diana,29300,2024-04
E285,Evan,29400,2024-01
E286,Bob,29500,2024-02
E287,Alice,29600,2024-03
E288,Charlie,29700,2024-04
E289,Diana,29800,2024-01
E290,Evan,29900,2024-02
E291,Bob,30000,2024-03
E292,Alice,30100,2024-04
E293,Charlie,30200,2024-01
E294,Diana,30300,2024-02
E295,Evan,30400,2024-03
E296,Bob,30500,2024-04
E297,Alice,30600,2024-01
E298,Charlie,30700,2024-02
E299,Diana,30800,2024-03
E300,Evan,30900,2024-04
E301,Bob,31000,2024-01
E302,Alice,31100,2024-02
E303,Charlie,31200,2024-03
E304,Diana,31300,2024-04
E305,Evan,31400,2024-01
E306,Bob,31500,2024-02
E307,Alice,31600,2024-03
E308,Charlie,31700,2024-04
E309,Diana,31800,2024-01
E310,Evan,31900,2024-02
E311,Bob,32000,2024-03
E312,Alice,32100,2024-04
E313,Charlie,32200,2024-01
E314,Diana,32300,2024-02
E315,Evan,32400,2024-03
E316,Bob,32500,2024-04
E317,Alice,32600,2024-01
E318,Charlie,32700,2024-02
E319,Diana,32800,2024-03
E320,Evan,32900,2024-04
E321,Bob,33000,2024-01
E322,Alice,33100,2024-02
E323,Charlie,33200,2024-03
E324,Diana,33300,2024-04
E325,Evan,33400,2024-01
E326,Bob,33500,2024-02
E327,Alice,33600,2024-03
E328,Charlie,33700,2024-04
E329,Diana,33800,2024-01
E330,Evan,33900,2024-02
E331,Bob,34000,2024-03
E332,Alice,34100,2024-04
E333,Charlie,34200,2024-01
E334,Diana,34300,2024-02
E335,Evan,34400,2024-03
E336,Bob,34500,2024-04
E337,Alice,34600,2024-01
E338,Charlie,34700,2024-02
E339,Diana,34800,2024-03
E340,Evan,34900,2024-04
E341,Bob,35000,2024-01
E342,Alice,35100,2024-02
E343,Charlie,35200,2024-03
E344,Diana,35300,2024-04
E345,Evan,35400,2024-01
E346,Bob,35500,2024-02
E347,Alice,35600,2024-03
E348,Charlie,35700,2024-04
E349,Diana,35800,2024-01
E350,Evan,35900,2024-02
E351,Bob,36000,2024-03
E352,Alice,36100,2024-04
E353,Charlie,36200,2024-01
E354,Diana,36300,2024-02
E355,Evan,36400,2024-03
E356,Bob,36500,2024-04
E357,Alice,36600,2024-01
E358,Charlie,36700,2024-02
E359,Diana,36800,2024-03
E360,Evan,36900,2024-04
E361,Bob,37000,2024-01
E362,Alice,37100,2024-02
E363,Charlie,37200,2024-03
E364,Diana,37300,2024-04
E365,Evan,37400,2024-01
E366,Bob,37500,2024-02
E367,Alice,37600,2024-03
E368,Charlie,37700,2024-04
E369,Diana,37800,2024-01
E370,Evan,37900,2024-02
E371,Bob,38000,2024-03
E372,Alice,38100,2024-04
E373,Charlie,38200,2024-01
E374,Diana,38300,2024-02
E375,Evan,38400,2024-03
E376,Bob,38500,2024-04
E377,Alice,38600,2024-01
E378,Charlie,38700,2024-02
E379,Diana,38800,2024-03
E380,Evan,38900,2024-04
E381,Bob,39000,2024-01
E382,Alice,39100,2024-02
E383,Charlie,39200,2024-03
E384,Diana,39300,2024-04
E385,Evan,39400,2024-01
E386,Bob,39500,2024-02
E387,Alice,39600,2024-03
E388,Charlie,39700,2024-04
E389,Diana,39800,2024-01
E390,Evan,39900,2024-02
E391,Bob,40000,2024-03
E392,Alice,40100,2024-04
E393,Charlie,40200,2024-01
E394,Diana,40300,2024-02
E395,Evan,40400,2024-03
E396,Bob,40500,2024-04
E397,Alice,40600,2024-01
E398,Charlie,40700,2024-02
E399,Diana,40800,2024-03
E400,Evan,40900,2024-04
E401,Bob,41000,2024-01
E402,Alice,41100,2024-02
E403,Charlie,41200,2024-03
E404,Diana,41300,2024-04
E405,Evan,41400,2024-01
E406,Bob,41500,2024-02
E407,Alice,41600,2024-03
E408,Charlie,41700,2024-04
E409,Diana,41800,2024-01
E410,Evan,41900,2024-02
E411,Bob,42000,2024-03
E412,Alice,42100,2024-04
E413,Charlie,42200,2024-01
E414,Diana,42300,2024-02
E415,Evan,42400,2024-03
E416,Bob,42500,2024-04
E417,Alice,42600,2024-01
E418,Charlie,42700,2024-02
E419,Diana,42800,2024-03
E420,Evan,42900,2024-04
E421,Bob,43000,2024-01
E422,Alice,43100,2024-02
E423,Charlie,43200,2024-03
E424,Diana,43300,2024-04
E425,Evan,43400,2024-01
E426,Bob,43500,2024-02
E427,Alice,43600,2024-03
E428,Charlie,43700,2024-04
E429,Diana,43800,2024-01
E430,Evan,43900,2024-02
E431,Bob,44000,2024-03
E432,Alice,44100,2024-04
E433,Charlie,44200,2024-01
E434,Diana,44300,2024-02
E435,Evan,44400,2024-03
E436,Bob,44500,2024-04
E437,Alice,44600,2024-01
E438,Charlie,44700,2024-02
E439,Diana,44800,2024-03
E440,Evan,44900,2024-04
E441,Bob,45000,2024-01
E442,Alice,45100,2024-02
E443,Charlie,45200,2024-03
E444,Diana,45300,2024-04
E445,Evan,45400,2024-01
E446,Bob,45500,2024-02
E447,Alice,45600,2024-03
E448,Charlie,45700,2024-04
E449,Diana,45800,2024-01
E450,Evan,45900,2024-02
E451,Bob,46000,2024-03
E452,Alice,46100,2024-04
E453,Charlie,46200,2024-01
E454,Diana,46300,2024-02
E455,Evan,46400,2024-03
E456,Bob,46500,2024-04
E457,Alice,46600,2024-01
E458,Charlie,46700,2024-02
E459,Diana,46800,2024-03
E460,Evan,46900,2024-04
E461,Bob,47000,2024-01
E462,Alice,47100,2024-02
E463,Charlie,47200,2024-03
E464,Diana,47300,2024-04
E465,Evan,47400,2024-01
E466,Bob,47500,2024-02
E467,Alice,47600,2024-03
E468,Charlie,47700,2024-04
E469,Diana,47800,2024-01
E470,Evan,47900,2024-02
E471,Bob,48000,2024-03
E472,Alice,48100,2024-04
E473,Charlie,48200,2024-01
E474,Diana,48300,2024-02
E475,Evan,48400,2024-03
E476,Bob,48500,2024-04
E477,Alice,48600,2024-01
E478,Charlie,48700,2024-02
E479,Diana,48800,2024-03
E480,Evan,48900,2024-04
E481,Bob,49000,2024-01
E482,Alice,49100,2024-02
E483,Charlie,49200,2024-03
E484,Diana,49300,2024-04
E485,Evan,49400,2024-01
E486,Bob,49500,2024-02
E487,Alice,49600,2024-03
E488,Charlie,49700,2024-04
E489,Diana,49800,2024-01
E490,Evan,49900,2024-02
E491,Bob,50000,2024-03
E492,Alice,50100,2024-04
E493,Charlie,50200,2024-01
E494,Diana,50300,2024-02
E495,Evan,50400,2024-03
E496,Bob,50500,2024-04
E497,Alice,50600,2024-01
E498,Charlie,50700,2024-02
E499,Diana,50800,2024-03
E500,Evan,50900,2024-04
